train_loss,val_loss
1.8396172755482523,1.763383841226724
1.4748923353512178,1.3771418113769456
1.27387125891718,1.2258343928578226
1.1455056371844627,1.1527781391473995
1.0500212346457622,1.0762742458292367
0.9746297142383727,1.0317525837401098
0.9084369418295947,1.0208091418343512
0.8411859088492665,1.0297627402046188
0.7876344181766565,1.011835398575799
0.7287593448365276,1.0347526950698176
0.6719192834147676,1.0575485946822234
0.6231197223321281,1.0510349599644542
