train_loss,val_loss
2.302839105102149,2.3026110915975138
2.302673192186789,2.3026271767236968
2.3026993941854346,2.3026249876076523
2.3026959486305714,2.3025919520719484
2.302728174084967,2.302621490237388
2.302702267400243,2.3026179163293405
2.3026796603067354,2.302599275992675
