train_loss,val_loss
1.7832617559893564,1.7412403427403083
1.4624983879991553,1.401848459743302
1.2993452468548308,1.273078812159259
1.1727858960459179,1.2265435201539234
1.069476962004873,1.2292787600731985
0.9680428192527457,1.1816643449393185
0.8634919250722636,1.2724241578570483
0.7589284967715767,1.3261124951637944
0.6560105976902626,1.4416044077158652
